<?xml version="1.0" encoding="UTF-8"?>
<config xmlns="http://www.knime.org/2008/09/XMLConfig" xmlns:xsi="http://www.w3.org/2001/XMLSchema-instance" xsi:schemaLocation="http://www.knime.org/2008/09/XMLConfig http://www.knime.org/XMLConfig_2008_09.xsd" key="preprocessing">
<config key="preprocColumns">
<entry key="array-size" type="xint" value="14"/>
<entry key="0" type="xstring" value="Col0"/>
<entry key="1" type="xstring" value="Col2"/>
<entry key="2" type="xstring" value="Col4"/>
<entry key="3" type="xstring" value="Col10"/>
<entry key="4" type="xstring" value="Col11"/>
<entry key="5" type="xstring" value="Col12"/>
<entry key="6" type="xstring" value="Col1 (to number)"/>
<entry key="7" type="xstring" value="Col3 (to number)"/>
<entry key="8" type="xstring" value="Col5 (to number)"/>
<entry key="9" type="xstring" value="Col6 (to number)"/>
<entry key="10" type="xstring" value="Col7 (to number)"/>
<entry key="11" type="xstring" value="Col8 (to number)"/>
<entry key="12" type="xstring" value="Col9 (to number)"/>
<entry key="13" type="xstring" value="Col13 (to number)"/>
</config>
</config>
