<?xml version="1.0" encoding="UTF-8"?>
<config xmlns="http://www.knime.org/2008/09/XMLConfig" xmlns:xsi="http://www.w3.org/2001/XMLSchema-instance" xsi:schemaLocation="http://www.knime.org/2008/09/XMLConfig http://www.knime.org/XMLConfig_2008_09.xsd" key="model.xml">
<entry key="version" type="xint" value="1"/>
<entry key="class_name" type="xstring" value="org.knime.base.data.normalize.NormalizerPortObject"/>
<config key="model">
<config key="columns">
<config key="Col0">
<entry key="column_name" type="xstring" value="Col0"/>
<entry key="column_scale" type="xdouble" value="0.0136986301369863"/>
<entry key="column_translate" type="xdouble" value="-0.2328767123287671"/>
<entry key="column_min" type="xdouble" value="0.0"/>
<entry key="column_max" type="xdouble" value="1.0"/>
</config>
<config key="Col2">
<entry key="column_name" type="xstring" value="Col2"/>
<entry key="column_scale" type="xdouble" value="6.798392316185069E-7"/>
<entry key="column_translate" type="xdouble" value="-0.009360706380155221"/>
<entry key="column_min" type="xdouble" value="0.0"/>
<entry key="column_max" type="xdouble" value="1.0"/>
</config>
<config key="Col4">
<entry key="column_name" type="xstring" value="Col4"/>
<entry key="column_scale" type="xdouble" value="0.06666666666666667"/>
<entry key="column_translate" type="xdouble" value="-0.06666666666666667"/>
<entry key="column_min" type="xdouble" value="0.0"/>
<entry key="column_max" type="xdouble" value="1.0"/>
</config>
<config key="Col10">
<entry key="column_name" type="xstring" value="Col10"/>
<entry key="column_scale" type="xdouble" value="1.000010000100001E-5"/>
<entry key="column_translate" type="xdouble" value="0.0"/>
<entry key="column_min" type="xdouble" value="0.0"/>
<entry key="column_max" type="xdouble" value="1.0"/>
</config>
<config key="Col11">
<entry key="column_name" type="xstring" value="Col11"/>
<entry key="column_scale" type="xdouble" value="2.295684113865932E-4"/>
<entry key="column_translate" type="xdouble" value="0.0"/>
<entry key="column_min" type="xdouble" value="0.0"/>
<entry key="column_max" type="xdouble" value="1.0"/>
</config>
<config key="Col12">
<entry key="column_name" type="xstring" value="Col12"/>
<entry key="column_scale" type="xdouble" value="0.01020408163265306"/>
<entry key="column_translate" type="xdouble" value="-0.01020408163265306"/>
<entry key="column_min" type="xdouble" value="0.0"/>
<entry key="column_max" type="xdouble" value="1.0"/>
</config>
<config key="Col1 (to number)">
<entry key="column_name" type="xstring" value="Col1 (to number)"/>
<entry key="column_scale" type="xdouble" value="0.16666666666666666"/>
<entry key="column_translate" type="xdouble" value="0.0"/>
<entry key="column_min" type="xdouble" value="0.0"/>
<entry key="column_max" type="xdouble" value="1.0"/>
</config>
<config key="Col3 (to number)">
<entry key="column_name" type="xstring" value="Col3 (to number)"/>
<entry key="column_scale" type="xdouble" value="0.06666666666666667"/>
<entry key="column_translate" type="xdouble" value="0.0"/>
<entry key="column_min" type="xdouble" value="0.0"/>
<entry key="column_max" type="xdouble" value="1.0"/>
</config>
<config key="Col5 (to number)">
<entry key="column_name" type="xstring" value="Col5 (to number)"/>
<entry key="column_scale" type="xdouble" value="0.16666666666666666"/>
<entry key="column_translate" type="xdouble" value="0.0"/>
<entry key="column_min" type="xdouble" value="0.0"/>
<entry key="column_max" type="xdouble" value="1.0"/>
</config>
<config key="Col6 (to number)">
<entry key="column_name" type="xstring" value="Col6 (to number)"/>
<entry key="column_scale" type="xdouble" value="0.07692307692307693"/>
<entry key="column_translate" type="xdouble" value="0.0"/>
<entry key="column_min" type="xdouble" value="0.0"/>
<entry key="column_max" type="xdouble" value="1.0"/>
</config>
<config key="Col7 (to number)">
<entry key="column_name" type="xstring" value="Col7 (to number)"/>
<entry key="column_scale" type="xdouble" value="0.2"/>
<entry key="column_translate" type="xdouble" value="0.0"/>
<entry key="column_min" type="xdouble" value="0.0"/>
<entry key="column_max" type="xdouble" value="1.0"/>
</config>
<config key="Col8 (to number)">
<entry key="column_name" type="xstring" value="Col8 (to number)"/>
<entry key="column_scale" type="xdouble" value="0.25"/>
<entry key="column_translate" type="xdouble" value="0.0"/>
<entry key="column_min" type="xdouble" value="0.0"/>
<entry key="column_max" type="xdouble" value="1.0"/>
</config>
<config key="Col9 (to number)">
<entry key="column_name" type="xstring" value="Col9 (to number)"/>
<entry key="column_scale" type="xdouble" value="1.0"/>
<entry key="column_translate" type="xdouble" value="0.0"/>
<entry key="column_min" type="xdouble" value="0.0"/>
<entry key="column_max" type="xdouble" value="1.0"/>
</config>
<config key="Col13 (to number)">
<entry key="column_name" type="xstring" value="Col13 (to number)"/>
<entry key="column_scale" type="xdouble" value="0.025"/>
<entry key="column_translate" type="xdouble" value="0.0"/>
<entry key="column_min" type="xdouble" value="0.0"/>
<entry key="column_max" type="xdouble" value="1.0"/>
</config>
</config>
<entry key="summary" type="xstring" value="Min/Max (0.0, 1) normalization on 14 column(s)"/>
</config>
</config>
